{"Index": "GSPTSE", "Date": "1983-03-01", "Open": 2110.100098, "High": 2125.100098, "Low": 2110.100098, "Close": 2125.100098, "Adj Close": 2119.703613, "Volume": 0.0, "CloseUSD": 1763.8330813399998}